dataset,algorithm,param,value,n_clusters,silhouette,db_index,ari,nmi
Banknote,agglomerative,linkage,ward,2,0.3130411761286322,1.2269935251646533,0.03475259826611058,0.05124834677343857
Banknote,agglomerative,linkage,complete,2,0.3844708207332474,0.7530891027699771,0.0719559381220516,0.15265897995441563
Banknote,agglomerative,linkage,average,2,0.36002438597189784,0.9118514778764144,0.07946983700831037,0.07963347925177687
