dataset,algorithm,param,value,n_clusters,silhouette,db_index
Banknote,kmeans,n_clusters,2,2,0.32905546282355036,1.1999630554438148
Banknote,kmeans,n_clusters,3,3,0.32707028277614714,1.071924995650498
Banknote,kmeans,n_clusters,4,4,0.2757263557144724,1.1839600910160903
