dataset,algorithm,param,value,n_clusters,silhouette,db_index,ari,nmi
Banknote,spectral,n_neighbors,10,2,0.3166659724274588,0.5861852311005815,-0.0032073587436602454,0.014038862386827071
Banknote,spectral,n_neighbors,20,2,0.3000267718705914,1.1952778805054025,0.08317791613585235,0.058672920688492405
Banknote,spectral,n_neighbors,30,2,0.32161989516074957,1.1391685140970378,0.019325405874958037,0.00983107321737632
