dataset,algorithm,param,value,n_clusters,silhouette,db_index,ari,nmi
Car,kmeans,n_clusters,2,2,0.13141732814972085,2.5114257066885903,0.017045525394230866,0.05254856980891844
Car,kmeans,n_clusters,3,3,0.1212176773493162,2.27117518502544,0.05025660655150428,0.10075337821549595
Car,kmeans,n_clusters,4,4,0.11484769756473262,2.1330254642604656,0.014488271616179996,0.06627948582155868
