dataset,algorithm,param,value,n_clusters,silhouette,db_index,ari,nmi
Wine,kmeans,n_clusters,2,2,0.26831340971052126,1.4482356342193663,0.38872424979619347,0.5013631823800659
Wine,kmeans,n_clusters,3,3,0.2848589191898987,1.3891879777181648,0.8974949815093207,0.8758935341223069
Wine,kmeans,n_clusters,4,4,0.28600619989964626,1.4903065570142071,0.8683500198891533,0.8554141693037265
Wine,kmeans,n_clusters,5,5,0.24519973266140904,1.6851414365792927,0.731099533064066,0.7740758979943826
